Time,Position_x,Position_y,Metrics
1.307361125946045,13,-1,0.0
2.6693379878997803,13,0,0.0
4.059004068374634,14,0,0.0
